                  epoch,         train/box_loss,         train/cls_loss,         train/dfl_loss,   metrics/precision(B),      metrics/recall(B),       metrics/mAP50(B),    metrics/mAP50-95(B),           val/box_loss,           val/cls_loss,           val/dfl_loss,                 lr/pg0,                 lr/pg1,                 lr/pg2
                      0,                 1.0203,                 1.7668,                 1.4036,                0.65311,                0.72534,                0.75026,                0.57834,                0.88085,                 1.2295,                  1.209,               6.44e-05,               6.44e-05,               6.44e-05
                      1,                 1.0274,                 1.7923,                 1.4141,                0.69842,                0.68419,                0.73979,                 0.5651,                0.91398,                 1.2133,                 1.2181,             0.00010405,             0.00010405,             0.00010405
                      2,                 1.0149,                 1.7602,                 1.4065,                0.72368,                0.71123,                0.77019,                0.58701,                0.93479,                 1.1854,                 1.2272,             0.00011782,             0.00011782,             0.00011782
                      3,                 1.0067,                 1.7231,                 1.3918,                0.70046,                0.75558,                0.79258,                 0.6263,                0.86023,                 1.1329,                 1.1984,             7.9576e-05,             7.9576e-05,             7.9576e-05
                      4,                 1.0131,                 1.7375,                 1.3928,                0.68222,                0.75683,                0.78269,                0.62473,                0.82365,                 1.1575,                 1.1793,             7.9576e-05,             7.9576e-05,             7.9576e-05
