                  epoch,         train/box_loss,         train/cls_loss,         train/dfl_loss,   metrics/precision(B),      metrics/recall(B),       metrics/mAP50(B),    metrics/mAP50-95(B),           val/box_loss,           val/cls_loss,           val/dfl_loss,                 lr/pg0,                 lr/pg1,                 lr/pg2
                      0,                0.97482,                 1.6852,                 1.3667,                  0.687,                0.77494,                 0.7936,                0.61688,                0.86249,                 1.1414,                 1.1969,               6.44e-05,               6.44e-05,               6.44e-05
                      1,                0.97639,                 1.6989,                  1.374,                0.66919,                0.75117,                0.76846,                0.59071,                0.90179,                 1.1743,                 1.2068,             0.00010405,             0.00010405,             0.00010405
                      2,                0.97403,                 1.6835,                 1.3745,                0.74673,                0.72159,                0.79888,                0.61845,                0.88684,                 1.1337,                 1.2036,             0.00011782,             0.00011782,             0.00011782
                      3,                0.97987,                  1.665,                  1.368,                0.73095,                0.76969,                 0.8112,                0.64194,                0.84592,                 1.0919,                 1.1826,             7.9576e-05,             7.9576e-05,             7.9576e-05
                      4,                      1,                 1.6972,                 1.3786,                0.67036,                 0.7843,                0.80077,                0.63854,                0.81197,                  1.122,                 1.1687,             7.9576e-05,             7.9576e-05,             7.9576e-05
